caminho_imagem,celulas,particao
C:\Users\jeanc\OneDrive\Área de Trabalho\Pesquisa\Pesquisa - Jean\cric_cervix\images\cric_image_001_be340ee72689dfe3f8dc9c24de6127f4.png,42,train
C:\Users\jeanc\OneDrive\Área de Trabalho\Pesquisa\Pesquisa - Jean\cric_cervix\images\cric_image_002_9d0f43b29d78f673e9caf77928b4af3c.png,20,test
C:\Users\jeanc\OneDrive\Área de Trabalho\Pesquisa\Pesquisa - Jean\cric_cervix\images\cric_image_003_8b312497db839bbe14c41fb18badbc23.png,13,train
C:\Users\jeanc\OneDrive\Área de Trabalho\Pesquisa\Pesquisa - Jean\cric_cervix\images\cric_image_004_4fb1ebbd1adb2da024ffe2394c1712c9.png,16,train
C:\Users\jeanc\OneDrive\Área de Trabalho\Pesquisa\Pesquisa - Jean\cric_cervix\images\cric_image_005_5b7cc4b7d0373fab44cc5686ba477e0c.png,28,train
C:\Users\jeanc\OneDrive\Área de Trabalho\Pesquisa\Pesquisa - Jean\cric_cervix\images\cric_image_006_d1139b2167d9254c2e29edb485c1bda8.png,14,train
C:\Users\jeanc\OneDrive\Área de Trabalho\Pesquisa\Pesquisa - Jean\cric_cervix\images\cric_image_007_df075c7d02cc7729bd04b5996a3e8991.png,52,train
C:\Users\jeanc\OneDrive\Área de Trabalho\Pesquisa\Pesquisa - Jean\cric_cervix\images\cric_image_008_1f8274db391ed2747c0c3a8560bf6d3a.png,47,train
C:\Users\jeanc\OneDrive\Área de Trabalho\Pesquisa\Pesquisa - Jean\cric_cervix\images\cric_image_009_71abd3d9c8d0e5738c1db3328645fde8.png,12,val
C:\Users\jeanc\OneDrive\Área de Trabalho\Pesquisa\Pesquisa - Jean\cric_cervix\images\cric_image_010_fb100898ae793bb2475fd6d3ee92ef31.png,17,train
C:\Users\jeanc\OneDrive\Área de Trabalho\Pesquisa\Pesquisa - Jean\cric_cervix\images\cric_image_011_90d08f57cdeb58238879b4af949d4f50.png,28,train
C:\Users\jeanc\OneDrive\Área de Trabalho\Pesquisa\Pesquisa - Jean\cric_cervix\images\cric_image_012_1766e5c4a2a6034960b40bdd3c47c297.png,7,train
C:\Users\jeanc\OneDrive\Área de Trabalho\Pesquisa\Pesquisa - Jean\cric_cervix\images\cric_image_013_ac1ed15ddc7fb3d7e6a9c7521eeebe78.png,62,train
C:\Users\jeanc\OneDrive\Área de Trabalho\Pesquisa\Pesquisa - Jean\cric_cervix\images\cric_image_014_746c084dbe0b987385df13ddbf4dd635.png,28,test
C:\Users\jeanc\OneDrive\Área de Trabalho\Pesquisa\Pesquisa - Jean\cric_cervix\images\cric_image_015_fe7dccb72ee17d6776970bdb5e5ba3ba.png,36,train
C:\Users\jeanc\OneDrive\Área de Trabalho\Pesquisa\Pesquisa - Jean\cric_cervix\images\cric_image_016_42e7a4f3bd69279d8b1bc4ea8e248f08.png,45,train
C:\Users\jeanc\OneDrive\Área de Trabalho\Pesquisa\Pesquisa - Jean\cric_cervix\images\cric_image_017_602e28f6537d6638bc4ccbe4cde5fab1.png,25,train
C:\Users\jeanc\OneDrive\Área de Trabalho\Pesquisa\Pesquisa - Jean\cric_cervix\images\cric_image_018_3659bf68aeea760b319cd0710e3651fb.png,52,val
C:\Users\jeanc\OneDrive\Área de Trabalho\Pesquisa\Pesquisa - Jean\cric_cervix\images\cric_image_019_8457af003b1ad48e907156b5e6e53bea.png,36,train
C:\Users\jeanc\OneDrive\Área de Trabalho\Pesquisa\Pesquisa - Jean\cric_cervix\images\cric_image_020_edc748c10f4cd73535452d54b0d7a1a6.png,9,train
C:\Users\jeanc\OneDrive\Área de Trabalho\Pesquisa\Pesquisa - Jean\cric_cervix\images\cric_image_021_faf0a263bf469832c7569a5ccbaa48c3.png,22,train
C:\Users\jeanc\OneDrive\Área de Trabalho\Pesquisa\Pesquisa - Jean\cric_cervix\images\cric_image_022_d67cd01defdc182ca48cee14e776f22c.png,52,train
C:\Users\jeanc\OneDrive\Área de Trabalho\Pesquisa\Pesquisa - Jean\cric_cervix\images\cric_image_023_77acea6065f24cef2351ef3bc2af43a1.png,44,val
C:\Users\jeanc\OneDrive\Área de Trabalho\Pesquisa\Pesquisa - Jean\cric_cervix\images\cric_image_024_e49e5d68eaf20468db941ac76632674f.png,14,val
C:\Users\jeanc\OneDrive\Área de Trabalho\Pesquisa\Pesquisa - Jean\cric_cervix\images\cric_image_025_f981c4aac622d7cce71a81305dd38ade.png,56,train
C:\Users\jeanc\OneDrive\Área de Trabalho\Pesquisa\Pesquisa - Jean\cric_cervix\images\cric_image_026_584d79af21c45131e9af9d54d2c2b8e4.png,70,train
C:\Users\jeanc\OneDrive\Área de Trabalho\Pesquisa\Pesquisa - Jean\cric_cervix\images\cric_image_027_36a2bc6bae69351df86a4a2fe4d49c2a.png,37,train
C:\Users\jeanc\OneDrive\Área de Trabalho\Pesquisa\Pesquisa - Jean\cric_cervix\images\cric_image_028_c5a3e789e449a8123509be5fd671b6b2.png,45,test
C:\Users\jeanc\OneDrive\Área de Trabalho\Pesquisa\Pesquisa - Jean\cric_cervix\images\cric_image_029_92f442dda43d7250c63ba2823c96be42.png,48,train
C:\Users\jeanc\OneDrive\Área de Trabalho\Pesquisa\Pesquisa - Jean\cric_cervix\images\cric_image_030_0489736e8d880b5188b04d11c3131cd3.png,46,train
C:\Users\jeanc\OneDrive\Área de Trabalho\Pesquisa\Pesquisa - Jean\cric_cervix\images\cric_image_031_88e5e1814b1a2c4d30e28f8b98ba157c.png,77,val
C:\Users\jeanc\OneDrive\Área de Trabalho\Pesquisa\Pesquisa - Jean\cric_cervix\images\cric_image_032_ee78da0c06d978fec8d86a8d97182445.png,19,val
C:\Users\jeanc\OneDrive\Área de Trabalho\Pesquisa\Pesquisa - Jean\cric_cervix\images\cric_image_033_07872ee58dea1007dd5d4afa5fb2556d.png,46,train
C:\Users\jeanc\OneDrive\Área de Trabalho\Pesquisa\Pesquisa - Jean\cric_cervix\images\cric_image_034_b6bf215df9cc83413a7c5a61c64361da.png,4,train
C:\Users\jeanc\OneDrive\Área de Trabalho\Pesquisa\Pesquisa - Jean\cric_cervix\images\cric_image_035_bf7767fb55e9b4e77ea458f825f06e65.png,39,train
C:\Users\jeanc\OneDrive\Área de Trabalho\Pesquisa\Pesquisa - Jean\cric_cervix\images\cric_image_036_7f725f332e420bc3c96533e342802d4c.png,16,train
C:\Users\jeanc\OneDrive\Área de Trabalho\Pesquisa\Pesquisa - Jean\cric_cervix\images\cric_image_037_9e3b55d7afdc1573cc15b347d053ec07.png,38,train
C:\Users\jeanc\OneDrive\Área de Trabalho\Pesquisa\Pesquisa - Jean\cric_cervix\images\cric_image_038_466a61aa31579a2ffb3c561f5a5d37d0.png,47,test
C:\Users\jeanc\OneDrive\Área de Trabalho\Pesquisa\Pesquisa - Jean\cric_cervix\images\cric_image_039_dd569f426f91cc5d6a20804c800d6eb3.png,41,val
C:\Users\jeanc\OneDrive\Área de Trabalho\Pesquisa\Pesquisa - Jean\cric_cervix\images\cric_image_040_544a28aab9a8a0b827a18423e82280b1.png,11,train
C:\Users\jeanc\OneDrive\Área de Trabalho\Pesquisa\Pesquisa - Jean\cric_cervix\images\cric_image_041_33708abb81e40ff45d1510c44546e82f.png,21,train
C:\Users\jeanc\OneDrive\Área de Trabalho\Pesquisa\Pesquisa - Jean\cric_cervix\images\cric_image_042_45c237e071148a104c2770fbca5e67a8.png,12,train
C:\Users\jeanc\OneDrive\Área de Trabalho\Pesquisa\Pesquisa - Jean\cric_cervix\images\cric_image_043_e4c629cd4647aa3e1a5bd66590118b44.png,18,train
C:\Users\jeanc\OneDrive\Área de Trabalho\Pesquisa\Pesquisa - Jean\cric_cervix\images\cric_image_044_5ddea605aee431bb47d9580882733a87.png,37,train
C:\Users\jeanc\OneDrive\Área de Trabalho\Pesquisa\Pesquisa - Jean\cric_cervix\images\cric_image_045_e42d8978f7ff44cd74a646b97b1c2c1c.png,33,train
C:\Users\jeanc\OneDrive\Área de Trabalho\Pesquisa\Pesquisa - Jean\cric_cervix\images\cric_image_046_2c0c4f9db92dc5b996c4e1b90aa2a0ec.png,16,train
C:\Users\jeanc\OneDrive\Área de Trabalho\Pesquisa\Pesquisa - Jean\cric_cervix\images\cric_image_047_80f0bb35228273e50637a673be666337.png,21,train
C:\Users\jeanc\OneDrive\Área de Trabalho\Pesquisa\Pesquisa - Jean\cric_cervix\images\cric_image_048_c7c3f56a4d110b49099830b0f65251a3.png,47,train
C:\Users\jeanc\OneDrive\Área de Trabalho\Pesquisa\Pesquisa - Jean\cric_cervix\images\cric_image_049_41766de1e13ae83bdad1f7b71a606340.png,20,train
C:\Users\jeanc\OneDrive\Área de Trabalho\Pesquisa\Pesquisa - Jean\cric_cervix\images\cric_image_050_6904abb84d55c002c01e119d241b18d9.png,26,test
C:\Users\jeanc\OneDrive\Área de Trabalho\Pesquisa\Pesquisa - Jean\cric_cervix\images\cric_image_051_1a7a2ec67cefb1f11748edd2573291a8.png,69,val
C:\Users\jeanc\OneDrive\Área de Trabalho\Pesquisa\Pesquisa - Jean\cric_cervix\images\cric_image_052_ed6b37f3f850247337f16501fe5fa7fd.png,38,train
C:\Users\jeanc\OneDrive\Área de Trabalho\Pesquisa\Pesquisa - Jean\cric_cervix\images\cric_image_053_d6e125d4b1ff838100937af08b912f0b.png,29,train
C:\Users\jeanc\OneDrive\Área de Trabalho\Pesquisa\Pesquisa - Jean\cric_cervix\images\cric_image_054_c505515711e6d4153bd59214d979c041.png,17,val
C:\Users\jeanc\OneDrive\Área de Trabalho\Pesquisa\Pesquisa - Jean\cric_cervix\images\cric_image_055_61b751b4e6c2a79d0369b24683339be1.png,75,train
C:\Users\jeanc\OneDrive\Área de Trabalho\Pesquisa\Pesquisa - Jean\cric_cervix\images\cric_image_056_e5ea9cccfefaf9d788e1447821752285.png,38,val
C:\Users\jeanc\OneDrive\Área de Trabalho\Pesquisa\Pesquisa - Jean\cric_cervix\images\cric_image_057_28508d4d8bb189cedd8d6c79b8d529c9.png,53,train
C:\Users\jeanc\OneDrive\Área de Trabalho\Pesquisa\Pesquisa - Jean\cric_cervix\images\cric_image_058_c7d215de538362b06b7ae3a0d70eb0e4.png,59,train
C:\Users\jeanc\OneDrive\Área de Trabalho\Pesquisa\Pesquisa - Jean\cric_cervix\images\cric_image_059_5223912945e356e1d6de561ad62a946f.png,32,train
C:\Users\jeanc\OneDrive\Área de Trabalho\Pesquisa\Pesquisa - Jean\cric_cervix\images\cric_image_060_05481195119c8cfb884bf1462b53b004.png,68,train
C:\Users\jeanc\OneDrive\Área de Trabalho\Pesquisa\Pesquisa - Jean\cric_cervix\images\cric_image_061_610487e58f3868cabe7aac6b0d327a39.png,46,train
C:\Users\jeanc\OneDrive\Área de Trabalho\Pesquisa\Pesquisa - Jean\cric_cervix\images\cric_image_062_83685961615806fbb89a8788aa117f05.png,78,train
C:\Users\jeanc\OneDrive\Área de Trabalho\Pesquisa\Pesquisa - Jean\cric_cervix\images\cric_image_063_4e36cfad62c065237107d1a0fe1abd9b.png,72,train
C:\Users\jeanc\OneDrive\Área de Trabalho\Pesquisa\Pesquisa - Jean\cric_cervix\images\cric_image_064_69a7526d382f793aaccd7dfe79dd2901.png,89,train
C:\Users\jeanc\OneDrive\Área de Trabalho\Pesquisa\Pesquisa - Jean\cric_cervix\images\cric_image_065_e4910c7beb3eab919a7e93d4bcc04241.png,89,train
C:\Users\jeanc\OneDrive\Área de Trabalho\Pesquisa\Pesquisa - Jean\cric_cervix\images\cric_image_066_3831ee45ac7b7283b9becaa7116d8f33.png,51,test
C:\Users\jeanc\OneDrive\Área de Trabalho\Pesquisa\Pesquisa - Jean\cric_cervix\images\cric_image_067_ce433f891aafce35a31e058364a98194.png,37,val
C:\Users\jeanc\OneDrive\Área de Trabalho\Pesquisa\Pesquisa - Jean\cric_cervix\images\cric_image_068_f29860b096765cfacea56a44c4fd805d.png,97,val
C:\Users\jeanc\OneDrive\Área de Trabalho\Pesquisa\Pesquisa - Jean\cric_cervix\images\cric_image_069_eb47620da7f5e3594085fb3279b1904a.png,32,train
C:\Users\jeanc\OneDrive\Área de Trabalho\Pesquisa\Pesquisa - Jean\cric_cervix\images\cric_image_070_5e5f9e511001c3ead65b7dc51897a1ba.png,93,train
C:\Users\jeanc\OneDrive\Área de Trabalho\Pesquisa\Pesquisa - Jean\cric_cervix\images\cric_image_071_c02c490c04b16068d3d7b0fad37c12e6.png,104,train
C:\Users\jeanc\OneDrive\Área de Trabalho\Pesquisa\Pesquisa - Jean\cric_cervix\images\cric_image_072_424a7ee29385c53e950de973f411a30c.png,33,train
C:\Users\jeanc\OneDrive\Área de Trabalho\Pesquisa\Pesquisa - Jean\cric_cervix\images\cric_image_073_19bdf3c429c892641865a1bd2b143fea.png,123,train
C:\Users\jeanc\OneDrive\Área de Trabalho\Pesquisa\Pesquisa - Jean\cric_cervix\images\cric_image_074_62b10ef656ce919574d9479871af5aee.png,57,train
C:\Users\jeanc\OneDrive\Área de Trabalho\Pesquisa\Pesquisa - Jean\cric_cervix\images\cric_image_075_458d0586e1dc5d723b54924fa1a75ab1.png,51,train
C:\Users\jeanc\OneDrive\Área de Trabalho\Pesquisa\Pesquisa - Jean\cric_cervix\images\cric_image_076_5e0c3876e86a354de6847e17b71133a4.png,76,train
C:\Users\jeanc\OneDrive\Área de Trabalho\Pesquisa\Pesquisa - Jean\cric_cervix\images\cric_image_077_28d57ea979962b5e05639ed582021cdd.png,40,train
C:\Users\jeanc\OneDrive\Área de Trabalho\Pesquisa\Pesquisa - Jean\cric_cervix\images\cric_image_078_408929e7f250196167bf4418c08fd999.png,51,train
C:\Users\jeanc\OneDrive\Área de Trabalho\Pesquisa\Pesquisa - Jean\cric_cervix\images\cric_image_079_ec342d2fc5da33cd79e9c1e3c507778e.png,13,train
C:\Users\jeanc\OneDrive\Área de Trabalho\Pesquisa\Pesquisa - Jean\cric_cervix\images\cric_image_080_e131600fb2e2442a74a46722d621a1ff.png,12,train
C:\Users\jeanc\OneDrive\Área de Trabalho\Pesquisa\Pesquisa - Jean\cric_cervix\images\cric_image_081_0f023f6ad3d33b33334016798995fe53.png,10,train
C:\Users\jeanc\OneDrive\Área de Trabalho\Pesquisa\Pesquisa - Jean\cric_cervix\images\cric_image_082_dd61f345bc7cdcbf3bb86d58eb0992b4.png,35,train
C:\Users\jeanc\OneDrive\Área de Trabalho\Pesquisa\Pesquisa - Jean\cric_cervix\images\cric_image_083_27ce7facb22d6ed75c146a43d23e7dde.png,23,train
C:\Users\jeanc\OneDrive\Área de Trabalho\Pesquisa\Pesquisa - Jean\cric_cervix\images\cric_image_084_c7adf1972424f069b6355c500962722f.png,43,train
C:\Users\jeanc\OneDrive\Área de Trabalho\Pesquisa\Pesquisa - Jean\cric_cervix\images\cric_image_085_6bb20c67c4013e8805d0f64315b9bcb1.png,77,train
C:\Users\jeanc\OneDrive\Área de Trabalho\Pesquisa\Pesquisa - Jean\cric_cervix\images\cric_image_086_de81ced6d8b99536da382f09b4290d70.png,31,train
C:\Users\jeanc\OneDrive\Área de Trabalho\Pesquisa\Pesquisa - Jean\cric_cervix\images\cric_image_087_aab4785d3320a7fd40e5ec45caf36b72.png,28,train
C:\Users\jeanc\OneDrive\Área de Trabalho\Pesquisa\Pesquisa - Jean\cric_cervix\images\cric_image_088_6335a5572eb69c87a905e2086964b929.png,23,train
C:\Users\jeanc\OneDrive\Área de Trabalho\Pesquisa\Pesquisa - Jean\cric_cervix\images\cric_image_089_4bdf1fe55c86e3fd82c022a744de5958.png,15,train
C:\Users\jeanc\OneDrive\Área de Trabalho\Pesquisa\Pesquisa - Jean\cric_cervix\images\cric_image_090_81508bd550a84bbe5731b93048e54270.png,19,train
C:\Users\jeanc\OneDrive\Área de Trabalho\Pesquisa\Pesquisa - Jean\cric_cervix\images\cric_image_091_18f547031e43fa4fa11c2ceb03d1aaaa.png,69,train
C:\Users\jeanc\OneDrive\Área de Trabalho\Pesquisa\Pesquisa - Jean\cric_cervix\images\cric_image_092_66ac6258c1215e76435accb18ec68f08.png,32,train
C:\Users\jeanc\OneDrive\Área de Trabalho\Pesquisa\Pesquisa - Jean\cric_cervix\images\cric_image_093_9b712bff27856e5b7a14e4bbf67a4abc.png,25,train
C:\Users\jeanc\OneDrive\Área de Trabalho\Pesquisa\Pesquisa - Jean\cric_cervix\images\cric_image_094_02c7fb946ad5c5e5f9c1e1178c21fc92.png,10,train
C:\Users\jeanc\OneDrive\Área de Trabalho\Pesquisa\Pesquisa - Jean\cric_cervix\images\cric_image_095_9b77f6a1b82859bc68b26fae965564fa.png,42,test
C:\Users\jeanc\OneDrive\Área de Trabalho\Pesquisa\Pesquisa - Jean\cric_cervix\images\cric_image_096_c9b3f954a9d1e35591818b6c493facb9.png,21,train
C:\Users\jeanc\OneDrive\Área de Trabalho\Pesquisa\Pesquisa - Jean\cric_cervix\images\cric_image_097_299abd9ed2593fa2a0bcd9ba0c73a576.png,29,train
C:\Users\jeanc\OneDrive\Área de Trabalho\Pesquisa\Pesquisa - Jean\cric_cervix\images\cric_image_098_eb3f9b657f847098a227d3c826c6d19c.png,11,train
C:\Users\jeanc\OneDrive\Área de Trabalho\Pesquisa\Pesquisa - Jean\cric_cervix\images\cric_image_099_81c4574751d0daa8c717d37e047ec234.png,6,val
C:\Users\jeanc\OneDrive\Área de Trabalho\Pesquisa\Pesquisa - Jean\cric_cervix\images\cric_image_100_ee5338ab73b4db0c88f9e9dc98aca68e.png,35,train
C:\Users\jeanc\OneDrive\Área de Trabalho\Pesquisa\Pesquisa - Jean\cric_cervix\images\cric_image_101_688bb88091ed6d58563888211455a559.png,19,train
C:\Users\jeanc\OneDrive\Área de Trabalho\Pesquisa\Pesquisa - Jean\cric_cervix\images\cric_image_102_023fcddb41b212f8ac3edde190d4ae5c.png,16,train
C:\Users\jeanc\OneDrive\Área de Trabalho\Pesquisa\Pesquisa - Jean\cric_cervix\images\cric_image_103_b0fddd5dbd774fcc23ddf897ee7bf26c.png,15,train
C:\Users\jeanc\OneDrive\Área de Trabalho\Pesquisa\Pesquisa - Jean\cric_cervix\images\cric_image_104_3265df8f2ecb21f1688c33025e540df8.png,8,val
C:\Users\jeanc\OneDrive\Área de Trabalho\Pesquisa\Pesquisa - Jean\cric_cervix\images\cric_image_105_f12544c3bfc1959d2010d7ec4f41cc56.png,4,train
C:\Users\jeanc\OneDrive\Área de Trabalho\Pesquisa\Pesquisa - Jean\cric_cervix\images\cric_image_106_de74adc961e7cfaecd97f7e7e5e9a571.png,7,train
C:\Users\jeanc\OneDrive\Área de Trabalho\Pesquisa\Pesquisa - Jean\cric_cervix\images\cric_image_107_2fcce94875a4487c35970f75ad569640.png,8,train
C:\Users\jeanc\OneDrive\Área de Trabalho\Pesquisa\Pesquisa - Jean\cric_cervix\images\cric_image_108_5f5ca39f3cb7338eeaec5f00faa11447.png,39,train
C:\Users\jeanc\OneDrive\Área de Trabalho\Pesquisa\Pesquisa - Jean\cric_cervix\images\cric_image_109_0b1732c713ea3f212e602c004fedeb65.png,41,train
C:\Users\jeanc\OneDrive\Área de Trabalho\Pesquisa\Pesquisa - Jean\cric_cervix\images\cric_image_110_05332b67f94b5d1adbd8177bd8e1ff0b.png,18,train
C:\Users\jeanc\OneDrive\Área de Trabalho\Pesquisa\Pesquisa - Jean\cric_cervix\images\cric_image_111_e57d535d86c5898be4e897eaed05c8c6.png,34,train
C:\Users\jeanc\OneDrive\Área de Trabalho\Pesquisa\Pesquisa - Jean\cric_cervix\images\cric_image_112_6bcb86179547a5f44a5622293f15d283.png,44,train
C:\Users\jeanc\OneDrive\Área de Trabalho\Pesquisa\Pesquisa - Jean\cric_cervix\images\cric_image_113_edc3ac951f31fca241b7f04d2c5daac5.png,24,train
C:\Users\jeanc\OneDrive\Área de Trabalho\Pesquisa\Pesquisa - Jean\cric_cervix\images\cric_image_114_624930d9bfc4219ba1bdd73ea3fed13b.png,39,train
C:\Users\jeanc\OneDrive\Área de Trabalho\Pesquisa\Pesquisa - Jean\cric_cervix\images\cric_image_115_b885f6b8c2023a5b25c95fd0381f9892.png,19,test
C:\Users\jeanc\OneDrive\Área de Trabalho\Pesquisa\Pesquisa - Jean\cric_cervix\images\cric_image_116_ccfee7ab69cc4221156c47426b0e8ec8.png,58,test
C:\Users\jeanc\OneDrive\Área de Trabalho\Pesquisa\Pesquisa - Jean\cric_cervix\images\cric_image_117_21b6561df430853f3831fd83389c109f.png,53,test
C:\Users\jeanc\OneDrive\Área de Trabalho\Pesquisa\Pesquisa - Jean\cric_cervix\images\cric_image_118_886b686fa3d22bb870a6ba41e5d1b82d.png,34,train
C:\Users\jeanc\OneDrive\Área de Trabalho\Pesquisa\Pesquisa - Jean\cric_cervix\images\cric_image_119_ba49ee2fe18405a74c4daaef256365cc.png,20,train
C:\Users\jeanc\OneDrive\Área de Trabalho\Pesquisa\Pesquisa - Jean\cric_cervix\images\cric_image_120_79bd0d0b44949450452bd745fd795a9a.png,24,val
C:\Users\jeanc\OneDrive\Área de Trabalho\Pesquisa\Pesquisa - Jean\cric_cervix\images\cric_image_121_84c4b1e0a44ff6f6ce78e04f751518ed.png,40,train
C:\Users\jeanc\OneDrive\Área de Trabalho\Pesquisa\Pesquisa - Jean\cric_cervix\images\cric_image_122_a83df706a2f6abcc60ee209fc3cb9b64.png,27,val
C:\Users\jeanc\OneDrive\Área de Trabalho\Pesquisa\Pesquisa - Jean\cric_cervix\images\cric_image_123_e9743b8e738f3f0bd2a084cbf8dc1cab.png,26,train
C:\Users\jeanc\OneDrive\Área de Trabalho\Pesquisa\Pesquisa - Jean\cric_cervix\images\cric_image_124_d87688d665139adb1d9dec9f902fa4a9.png,45,train
C:\Users\jeanc\OneDrive\Área de Trabalho\Pesquisa\Pesquisa - Jean\cric_cervix\images\cric_image_125_c642b1c083b38d9b56724bc76867459e.png,58,val
C:\Users\jeanc\OneDrive\Área de Trabalho\Pesquisa\Pesquisa - Jean\cric_cervix\images\cric_image_126_fc7e39dda329976b5095eef082d6e998.png,28,train
C:\Users\jeanc\OneDrive\Área de Trabalho\Pesquisa\Pesquisa - Jean\cric_cervix\images\cric_image_127_c22f24fa5dc7c8d99c2d2ba5e293960c.png,26,train
C:\Users\jeanc\OneDrive\Área de Trabalho\Pesquisa\Pesquisa - Jean\cric_cervix\images\cric_image_128_cef1983c1bb8c0d9eb60efe03cfb3582.png,15,train
C:\Users\jeanc\OneDrive\Área de Trabalho\Pesquisa\Pesquisa - Jean\cric_cervix\images\cric_image_129_b8f6374bc7c780a8b4fd99498b05afbb.png,50,train
C:\Users\jeanc\OneDrive\Área de Trabalho\Pesquisa\Pesquisa - Jean\cric_cervix\images\cric_image_130_a42845987c650d7243ad0c08e97debf5.png,55,train
C:\Users\jeanc\OneDrive\Área de Trabalho\Pesquisa\Pesquisa - Jean\cric_cervix\images\cric_image_131_7d9c47264d5ffa28fdb561d0be14bb90.png,15,train
C:\Users\jeanc\OneDrive\Área de Trabalho\Pesquisa\Pesquisa - Jean\cric_cervix\images\cric_image_132_763240077e66777b2a196a6af78c9716.png,59,train
C:\Users\jeanc\OneDrive\Área de Trabalho\Pesquisa\Pesquisa - Jean\cric_cervix\images\cric_image_133_4a34b60331799fdc99ccce2ac9531a9d.png,31,train
C:\Users\jeanc\OneDrive\Área de Trabalho\Pesquisa\Pesquisa - Jean\cric_cervix\images\cric_image_134_8f99ed3b3a6ef71e354c099db23e7498.png,34,train
C:\Users\jeanc\OneDrive\Área de Trabalho\Pesquisa\Pesquisa - Jean\cric_cervix\images\cric_image_135_8d62bc0267b58954ef9fa8e355d6ec22.png,55,train
C:\Users\jeanc\OneDrive\Área de Trabalho\Pesquisa\Pesquisa - Jean\cric_cervix\images\cric_image_136_8cfdeaf76c0a48043406626f1a0b90a7.png,37,train
C:\Users\jeanc\OneDrive\Área de Trabalho\Pesquisa\Pesquisa - Jean\cric_cervix\images\cric_image_137_bcebe0cdee9c892e34e20a5bf3e96a20.png,48,train
C:\Users\jeanc\OneDrive\Área de Trabalho\Pesquisa\Pesquisa - Jean\cric_cervix\images\cric_image_138_c0d57801655afd0ab48ad3f1e4b43603.png,42,train
C:\Users\jeanc\OneDrive\Área de Trabalho\Pesquisa\Pesquisa - Jean\cric_cervix\images\cric_image_139_f015142693fefeb45ad5202b66404293.png,17,train
C:\Users\jeanc\OneDrive\Área de Trabalho\Pesquisa\Pesquisa - Jean\cric_cervix\images\cric_image_140_ae9ad0a0e62cb046468591ce92237bfc.png,61,train
C:\Users\jeanc\OneDrive\Área de Trabalho\Pesquisa\Pesquisa - Jean\cric_cervix\images\cric_image_141_30c400872fcaf018f0605eeff12d0f51.png,42,train
C:\Users\jeanc\OneDrive\Área de Trabalho\Pesquisa\Pesquisa - Jean\cric_cervix\images\cric_image_142_c899c91db0a340602f35d125ec47fb74.png,26,train
C:\Users\jeanc\OneDrive\Área de Trabalho\Pesquisa\Pesquisa - Jean\cric_cervix\images\cric_image_143_c01b36e0a384197ca9a2e6bcd2c552e1.png,29,train
C:\Users\jeanc\OneDrive\Área de Trabalho\Pesquisa\Pesquisa - Jean\cric_cervix\images\cric_image_144_b8491225e9d46d5f48c33c310b7d2755.png,41,train
C:\Users\jeanc\OneDrive\Área de Trabalho\Pesquisa\Pesquisa - Jean\cric_cervix\images\cric_image_145_7a43cea47c58c87e989e37ba67714b53.png,24,train
C:\Users\jeanc\OneDrive\Área de Trabalho\Pesquisa\Pesquisa - Jean\cric_cervix\images\cric_image_146_055cde67bf7565df83f914b053ab86eb.png,33,train
C:\Users\jeanc\OneDrive\Área de Trabalho\Pesquisa\Pesquisa - Jean\cric_cervix\images\cric_image_147_7cadcc842e5559cd14a3cd1143dd8db0.png,44,train
C:\Users\jeanc\OneDrive\Área de Trabalho\Pesquisa\Pesquisa - Jean\cric_cervix\images\cric_image_148_ec14a8dad00ce2aa24bae8dd2683077b.png,79,train
C:\Users\jeanc\OneDrive\Área de Trabalho\Pesquisa\Pesquisa - Jean\cric_cervix\images\cric_image_149_4dbb52e87bc98d0d5a10cc0dc05fdc3f.png,49,train
C:\Users\jeanc\OneDrive\Área de Trabalho\Pesquisa\Pesquisa - Jean\cric_cervix\images\cric_image_150_c41261e68aabdf7ff5d4bc90c2efd8f3.png,21,test
C:\Users\jeanc\OneDrive\Área de Trabalho\Pesquisa\Pesquisa - Jean\cric_cervix\images\cric_image_151_8042f9c026bca2cf1761489102ea284f.png,25,val
C:\Users\jeanc\OneDrive\Área de Trabalho\Pesquisa\Pesquisa - Jean\cric_cervix\images\cric_image_152_3ae2fc6e5e6530f3291e21a8937c71b3.png,25,train
C:\Users\jeanc\OneDrive\Área de Trabalho\Pesquisa\Pesquisa - Jean\cric_cervix\images\cric_image_153_acd5b382631b7f7b22d5be5b42ebac05.png,31,train
C:\Users\jeanc\OneDrive\Área de Trabalho\Pesquisa\Pesquisa - Jean\cric_cervix\images\cric_image_154_49c8feec9afcd85f1f9b16908c34bdca.png,29,train
C:\Users\jeanc\OneDrive\Área de Trabalho\Pesquisa\Pesquisa - Jean\cric_cervix\images\cric_image_155_37264b18b1096a6515b8ce006c6568ee.png,48,train
C:\Users\jeanc\OneDrive\Área de Trabalho\Pesquisa\Pesquisa - Jean\cric_cervix\images\cric_image_156_66c20a252497fd16ec17a40b5dbc05f6.png,14,train
C:\Users\jeanc\OneDrive\Área de Trabalho\Pesquisa\Pesquisa - Jean\cric_cervix\images\cric_image_157_6df65e12916327e0c88c75191451a3f7.png,32,test
C:\Users\jeanc\OneDrive\Área de Trabalho\Pesquisa\Pesquisa - Jean\cric_cervix\images\cric_image_158_b5cde4d2a21fb2e2d70db49b1db1df50.png,13,train
C:\Users\jeanc\OneDrive\Área de Trabalho\Pesquisa\Pesquisa - Jean\cric_cervix\images\cric_image_159_c5a677e9d495b6c0419df420f65c5a26.png,16,train
C:\Users\jeanc\OneDrive\Área de Trabalho\Pesquisa\Pesquisa - Jean\cric_cervix\images\cric_image_160_fbb86fcc0948f02be36a1348d1046688.png,16,val
C:\Users\jeanc\OneDrive\Área de Trabalho\Pesquisa\Pesquisa - Jean\cric_cervix\images\cric_image_161_e8795423a9b8dadabdfaac3547c17abe.png,21,train
C:\Users\jeanc\OneDrive\Área de Trabalho\Pesquisa\Pesquisa - Jean\cric_cervix\images\cric_image_162_5633910bdb41ea5626f7b60a8ef80af0.png,17,train
C:\Users\jeanc\OneDrive\Área de Trabalho\Pesquisa\Pesquisa - Jean\cric_cervix\images\cric_image_163_1c900ddde4d55e63c0d06c4854b29f89.png,10,train
C:\Users\jeanc\OneDrive\Área de Trabalho\Pesquisa\Pesquisa - Jean\cric_cervix\images\cric_image_164_0a2a5a681410054941cc56f51eb8fbda.png,5,val
C:\Users\jeanc\OneDrive\Área de Trabalho\Pesquisa\Pesquisa - Jean\cric_cervix\images\cric_image_165_7c09a4a52e0cb6ffc6a10044dd321123.png,8,train
C:\Users\jeanc\OneDrive\Área de Trabalho\Pesquisa\Pesquisa - Jean\cric_cervix\images\cric_image_166_eeabc7b91c5ab80afd2907f4111c6376.png,7,train
C:\Users\jeanc\OneDrive\Área de Trabalho\Pesquisa\Pesquisa - Jean\cric_cervix\images\cric_image_167_b1f43c3a74ea03d4df18696b710a3fc4.png,15,val
C:\Users\jeanc\OneDrive\Área de Trabalho\Pesquisa\Pesquisa - Jean\cric_cervix\images\cric_image_168_c99bb99a4e4ab6bbabceeea1bd229447.png,32,val
C:\Users\jeanc\OneDrive\Área de Trabalho\Pesquisa\Pesquisa - Jean\cric_cervix\images\cric_image_169_21b10fc9c3e06aaea9b934a68b29d832.png,7,train
C:\Users\jeanc\OneDrive\Área de Trabalho\Pesquisa\Pesquisa - Jean\cric_cervix\images\cric_image_170_c3342e85b3c771fadb1e7365b6eff252.png,7,val
C:\Users\jeanc\OneDrive\Área de Trabalho\Pesquisa\Pesquisa - Jean\cric_cervix\images\cric_image_171_cb206130cf379df998fa4fd995411ea7.png,13,train
C:\Users\jeanc\OneDrive\Área de Trabalho\Pesquisa\Pesquisa - Jean\cric_cervix\images\cric_image_172_bdb0651112686ecfdb9db5b4d2e1d0e7.png,11,val
C:\Users\jeanc\OneDrive\Área de Trabalho\Pesquisa\Pesquisa - Jean\cric_cervix\images\cric_image_173_4bae321eaa4fedb2a75bf5c53b14b4f4.png,38,train
C:\Users\jeanc\OneDrive\Área de Trabalho\Pesquisa\Pesquisa - Jean\cric_cervix\images\cric_image_174_4b474d44ad6dd5b66d25d339db5fe138.png,27,test
C:\Users\jeanc\OneDrive\Área de Trabalho\Pesquisa\Pesquisa - Jean\cric_cervix\images\cric_image_175_c489085d5447252cf12c696ae302af23.png,4,train
C:\Users\jeanc\OneDrive\Área de Trabalho\Pesquisa\Pesquisa - Jean\cric_cervix\images\cric_image_176_5613e617f960b8414dbec5aa38647f96.png,24,train
C:\Users\jeanc\OneDrive\Área de Trabalho\Pesquisa\Pesquisa - Jean\cric_cervix\images\cric_image_177_96d54337d5489e81ce6ad5508d7a5434.png,15,train
C:\Users\jeanc\OneDrive\Área de Trabalho\Pesquisa\Pesquisa - Jean\cric_cervix\images\cric_image_178_008df697b9283d9ad4774096584d2efb.png,5,train
C:\Users\jeanc\OneDrive\Área de Trabalho\Pesquisa\Pesquisa - Jean\cric_cervix\images\cric_image_179_b8df9a1c242fc6f825df3d16a1de8588.png,8,train
C:\Users\jeanc\OneDrive\Área de Trabalho\Pesquisa\Pesquisa - Jean\cric_cervix\images\cric_image_180_f5bd2f7c1dea1ebb6ab3aeb72834b282.png,14,train
C:\Users\jeanc\OneDrive\Área de Trabalho\Pesquisa\Pesquisa - Jean\cric_cervix\images\cric_image_181_ad4c619f92f722c47fed0bed95045fcd.png,21,train
C:\Users\jeanc\OneDrive\Área de Trabalho\Pesquisa\Pesquisa - Jean\cric_cervix\images\cric_image_182_c63289c59bca91f80b2dde9ac013cc57.png,19,train
C:\Users\jeanc\OneDrive\Área de Trabalho\Pesquisa\Pesquisa - Jean\cric_cervix\images\cric_image_183_d44546808b8c6976fbc7946f370562c4.png,29,train
C:\Users\jeanc\OneDrive\Área de Trabalho\Pesquisa\Pesquisa - Jean\cric_cervix\images\cric_image_184_1a57775542328ddeda39a1aaacebfef0.png,19,train
C:\Users\jeanc\OneDrive\Área de Trabalho\Pesquisa\Pesquisa - Jean\cric_cervix\images\cric_image_185_c02a44c85b736dce9991d38c3f5fdd14.png,7,train
C:\Users\jeanc\OneDrive\Área de Trabalho\Pesquisa\Pesquisa - Jean\cric_cervix\images\cric_image_186_09ddefdfc9ca8df4da326825425336d3.png,16,val
C:\Users\jeanc\OneDrive\Área de Trabalho\Pesquisa\Pesquisa - Jean\cric_cervix\images\cric_image_187_8f4f6c8c7589b41794bb248571026f1f.png,11,train
C:\Users\jeanc\OneDrive\Área de Trabalho\Pesquisa\Pesquisa - Jean\cric_cervix\images\cric_image_188_430addb0dc6daf0e6271fb6efe1a9777.png,44,train
C:\Users\jeanc\OneDrive\Área de Trabalho\Pesquisa\Pesquisa - Jean\cric_cervix\images\cric_image_189_03f5d5ec88161b9365bea549d7ce92cd.png,13,test
C:\Users\jeanc\OneDrive\Área de Trabalho\Pesquisa\Pesquisa - Jean\cric_cervix\images\cric_image_190_e6b13ffc7b9ba7170133da814ce6aa51.png,17,train
C:\Users\jeanc\OneDrive\Área de Trabalho\Pesquisa\Pesquisa - Jean\cric_cervix\images\cric_image_191_e40cc4bedbe9837b12f9343953b391ef.png,12,train
C:\Users\jeanc\OneDrive\Área de Trabalho\Pesquisa\Pesquisa - Jean\cric_cervix\images\cric_image_192_5c7feaaf66d0981fe28378fbab186509.png,38,train
C:\Users\jeanc\OneDrive\Área de Trabalho\Pesquisa\Pesquisa - Jean\cric_cervix\images\cric_image_193_c0dad84e596a1fd11720827eda489983.png,25,train
C:\Users\jeanc\OneDrive\Área de Trabalho\Pesquisa\Pesquisa - Jean\cric_cervix\images\cric_image_194_040722a73af21747a3b66a8d69a235d0.png,9,train
C:\Users\jeanc\OneDrive\Área de Trabalho\Pesquisa\Pesquisa - Jean\cric_cervix\images\cric_image_195_a7b7d4eb6367ad432a806b5662ff44e0.png,12,test
C:\Users\jeanc\OneDrive\Área de Trabalho\Pesquisa\Pesquisa - Jean\cric_cervix\images\cric_image_196_afc49f54ae8294f041c7998bd02d5a8f.png,7,train
C:\Users\jeanc\OneDrive\Área de Trabalho\Pesquisa\Pesquisa - Jean\cric_cervix\images\cric_image_197_7275dd2f91a0dbb6e49b28da3f456c57.png,8,test
C:\Users\jeanc\OneDrive\Área de Trabalho\Pesquisa\Pesquisa - Jean\cric_cervix\images\cric_image_198_51219b4ad46ba947174b808fcee65478.png,8,train
C:\Users\jeanc\OneDrive\Área de Trabalho\Pesquisa\Pesquisa - Jean\cric_cervix\images\cric_image_199_5ebaeeae59a5bc5ca0d79d99cb4dcac1.png,14,test
C:\Users\jeanc\OneDrive\Área de Trabalho\Pesquisa\Pesquisa - Jean\cric_cervix\images\cric_image_200_8dc7e2c87515b5dd4261c2ef24e86b59.png,5,test
C:\Users\jeanc\OneDrive\Área de Trabalho\Pesquisa\Pesquisa - Jean\cric_cervix\images\cric_image_201_a9ceb5e547fed2f7d052cdc794cb1330.png,14,train
C:\Users\jeanc\OneDrive\Área de Trabalho\Pesquisa\Pesquisa - Jean\cric_cervix\images\cric_image_202_3f273237f9068624e14886afde134e09.png,10,train
C:\Users\jeanc\OneDrive\Área de Trabalho\Pesquisa\Pesquisa - Jean\cric_cervix\images\cric_image_203_dada70571c7ddf32b8bbbf448a6880a4.png,7,train
C:\Users\jeanc\OneDrive\Área de Trabalho\Pesquisa\Pesquisa - Jean\cric_cervix\images\cric_image_204_ac988fe10c5e2b605b2c7e48f2af8701.png,11,train
C:\Users\jeanc\OneDrive\Área de Trabalho\Pesquisa\Pesquisa - Jean\cric_cervix\images\cric_image_205_33915ae53ce2cffb30485ad683a8c64e.png,18,train
C:\Users\jeanc\OneDrive\Área de Trabalho\Pesquisa\Pesquisa - Jean\cric_cervix\images\cric_image_206_a9a16f442db25098459cc72d4e816c2d.png,17,train
C:\Users\jeanc\OneDrive\Área de Trabalho\Pesquisa\Pesquisa - Jean\cric_cervix\images\cric_image_207_cafba392717cd7b7077f8aec6d99296c.png,4,train
C:\Users\jeanc\OneDrive\Área de Trabalho\Pesquisa\Pesquisa - Jean\cric_cervix\images\cric_image_208_9c42ed347e00dc159b9fb767b52de139.png,35,val
C:\Users\jeanc\OneDrive\Área de Trabalho\Pesquisa\Pesquisa - Jean\cric_cervix\images\cric_image_209_3c6531547003951472ce20fa1de720fc.png,9,train
C:\Users\jeanc\OneDrive\Área de Trabalho\Pesquisa\Pesquisa - Jean\cric_cervix\images\cric_image_210_b3b5a33dee9c880c1abb235a50a5cd81.png,10,train
C:\Users\jeanc\OneDrive\Área de Trabalho\Pesquisa\Pesquisa - Jean\cric_cervix\images\cric_image_211_75ae516a4fba3943054907d8f738aa73.png,16,train
C:\Users\jeanc\OneDrive\Área de Trabalho\Pesquisa\Pesquisa - Jean\cric_cervix\images\cric_image_212_6e20d6ec569513933f5768d5424b7e86.png,13,val
C:\Users\jeanc\OneDrive\Área de Trabalho\Pesquisa\Pesquisa - Jean\cric_cervix\images\cric_image_213_0c52e27c5383dd946fffdf0253f96067.png,15,train
C:\Users\jeanc\OneDrive\Área de Trabalho\Pesquisa\Pesquisa - Jean\cric_cervix\images\cric_image_214_85b6a7b08f5f5820a20b582046a7d7a9.png,24,test
C:\Users\jeanc\OneDrive\Área de Trabalho\Pesquisa\Pesquisa - Jean\cric_cervix\images\cric_image_215_3b73689cbb3b2a04a1a713230459f7e5.png,15,train
C:\Users\jeanc\OneDrive\Área de Trabalho\Pesquisa\Pesquisa - Jean\cric_cervix\images\cric_image_216_011fda505d7e4af4b8cc57545343624d.png,21,val
C:\Users\jeanc\OneDrive\Área de Trabalho\Pesquisa\Pesquisa - Jean\cric_cervix\images\cric_image_217_5a65081dd9202379699a7518fd51a9a5.png,22,train
C:\Users\jeanc\OneDrive\Área de Trabalho\Pesquisa\Pesquisa - Jean\cric_cervix\images\cric_image_218_7756dcc0d11e89797a0a2f25e99d3b07.png,17,train
C:\Users\jeanc\OneDrive\Área de Trabalho\Pesquisa\Pesquisa - Jean\cric_cervix\images\cric_image_219_a478295afdbbbc6ca8d08b3a435a4528.png,2,train
C:\Users\jeanc\OneDrive\Área de Trabalho\Pesquisa\Pesquisa - Jean\cric_cervix\images\cric_image_220_5b3e7408f7ab2a8bce36cfda5a1e121b.png,37,train
C:\Users\jeanc\OneDrive\Área de Trabalho\Pesquisa\Pesquisa - Jean\cric_cervix\images\cric_image_221_2fd118764c0afa9a4e1ccbe9bd8210a5.png,27,train
C:\Users\jeanc\OneDrive\Área de Trabalho\Pesquisa\Pesquisa - Jean\cric_cervix\images\cric_image_222_ed10d2a300c0f99915a467afc514c5cf.png,15,train
C:\Users\jeanc\OneDrive\Área de Trabalho\Pesquisa\Pesquisa - Jean\cric_cervix\images\cric_image_223_b75d053b22d2ed9d019608c8508676b6.png,6,train
C:\Users\jeanc\OneDrive\Área de Trabalho\Pesquisa\Pesquisa - Jean\cric_cervix\images\cric_image_224_f996f3195bdb1c5ed08d97272ae16e62.png,27,train
C:\Users\jeanc\OneDrive\Área de Trabalho\Pesquisa\Pesquisa - Jean\cric_cervix\images\cric_image_225_fcc9c7e2fc1a0f4d30fa745308d15194.png,28,train
C:\Users\jeanc\OneDrive\Área de Trabalho\Pesquisa\Pesquisa - Jean\cric_cervix\images\cric_image_226_199ea9d75d6266bcc1be87995de6a70a.png,19,train
C:\Users\jeanc\OneDrive\Área de Trabalho\Pesquisa\Pesquisa - Jean\cric_cervix\images\cric_image_227_f261e4379ef4e11a13db19e54b698395.png,6,train
C:\Users\jeanc\OneDrive\Área de Trabalho\Pesquisa\Pesquisa - Jean\cric_cervix\images\cric_image_228_7d96810eb097fe737df7fc9eb0a8b3ed.png,23,train
C:\Users\jeanc\OneDrive\Área de Trabalho\Pesquisa\Pesquisa - Jean\cric_cervix\images\cric_image_229_f6ed8a6797cceb43ed891679cd4434de.png,77,test
C:\Users\jeanc\OneDrive\Área de Trabalho\Pesquisa\Pesquisa - Jean\cric_cervix\images\cric_image_230_6bf1d6248d10a7f358f28d39245bb8fe.png,28,val
C:\Users\jeanc\OneDrive\Área de Trabalho\Pesquisa\Pesquisa - Jean\cric_cervix\images\cric_image_231_dd245e5ad1da4d1d4b86786d2470d145.png,9,train
C:\Users\jeanc\OneDrive\Área de Trabalho\Pesquisa\Pesquisa - Jean\cric_cervix\images\cric_image_232_75d04c5e7ddcdf002714f7ef57d4e418.png,12,train
C:\Users\jeanc\OneDrive\Área de Trabalho\Pesquisa\Pesquisa - Jean\cric_cervix\images\cric_image_233_379c7ce231b0c43a3d9a964680573dce.png,17,test
C:\Users\jeanc\OneDrive\Área de Trabalho\Pesquisa\Pesquisa - Jean\cric_cervix\images\cric_image_234_eddca08930f139f44c5d22a48d9f2909.png,52,train
C:\Users\jeanc\OneDrive\Área de Trabalho\Pesquisa\Pesquisa - Jean\cric_cervix\images\cric_image_235_38b630ac8a1f02f6a466824f6babaf0e.png,46,train
C:\Users\jeanc\OneDrive\Área de Trabalho\Pesquisa\Pesquisa - Jean\cric_cervix\images\cric_image_236_221e5472253d8a712be2eb84079a6a72.png,63,train
C:\Users\jeanc\OneDrive\Área de Trabalho\Pesquisa\Pesquisa - Jean\cric_cervix\images\cric_image_237_8e39307fc74e68a5f4a6ae66764331b4.png,15,train
C:\Users\jeanc\OneDrive\Área de Trabalho\Pesquisa\Pesquisa - Jean\cric_cervix\images\cric_image_238_3f30a996dcac3c4845ba2e650fe874b5.png,18,train
C:\Users\jeanc\OneDrive\Área de Trabalho\Pesquisa\Pesquisa - Jean\cric_cervix\images\cric_image_239_f5cad8f1a038b616cb2ce4ca46183262.png,14,train
C:\Users\jeanc\OneDrive\Área de Trabalho\Pesquisa\Pesquisa - Jean\cric_cervix\images\cric_image_240_9dc92f731aa43451aaccdaabbca220fa.png,41,train
C:\Users\jeanc\OneDrive\Área de Trabalho\Pesquisa\Pesquisa - Jean\cric_cervix\images\cric_image_241_ab81d6ae2c9e6ba88aa8d094019358cb.png,5,train
C:\Users\jeanc\OneDrive\Área de Trabalho\Pesquisa\Pesquisa - Jean\cric_cervix\images\cric_image_242_36ec7e0332c9ab3aa1edb53fe8f6cba8.png,44,train
C:\Users\jeanc\OneDrive\Área de Trabalho\Pesquisa\Pesquisa - Jean\cric_cervix\images\cric_image_243_431ffd642258bfa70558eb03afa9bc83.png,15,test
C:\Users\jeanc\OneDrive\Área de Trabalho\Pesquisa\Pesquisa - Jean\cric_cervix\images\cric_image_244_d718a645caa4281cefd7d6dc8f54e36b.png,12,val
C:\Users\jeanc\OneDrive\Área de Trabalho\Pesquisa\Pesquisa - Jean\cric_cervix\images\cric_image_245_fb8f92d163cb0370fa7fa8e7bbaa4edc.png,28,train
C:\Users\jeanc\OneDrive\Área de Trabalho\Pesquisa\Pesquisa - Jean\cric_cervix\images\cric_image_246_c4f51dd4f48d013f69b4c5e2adced54d.png,31,train
C:\Users\jeanc\OneDrive\Área de Trabalho\Pesquisa\Pesquisa - Jean\cric_cervix\images\cric_image_247_ebdd17c9dd496a1231cc29c081e78e80.png,13,train
C:\Users\jeanc\OneDrive\Área de Trabalho\Pesquisa\Pesquisa - Jean\cric_cervix\images\cric_image_248_a5ce47f6a10f543bf7fdac28b709d30d.png,43,val
C:\Users\jeanc\OneDrive\Área de Trabalho\Pesquisa\Pesquisa - Jean\cric_cervix\images\cric_image_249_bd7e1530680d11547db567150fa7c403.png,38,train
C:\Users\jeanc\OneDrive\Área de Trabalho\Pesquisa\Pesquisa - Jean\cric_cervix\images\cric_image_250_539a88e6ce009eee5398bdbada60ff23.png,37,test
C:\Users\jeanc\OneDrive\Área de Trabalho\Pesquisa\Pesquisa - Jean\cric_cervix\images\cric_image_251_e457af606b15cffb99021a1018f1424f.png,21,train
C:\Users\jeanc\OneDrive\Área de Trabalho\Pesquisa\Pesquisa - Jean\cric_cervix\images\cric_image_252_da51093be0db6b3ccd477a6aeddc2261.png,52,train
C:\Users\jeanc\OneDrive\Área de Trabalho\Pesquisa\Pesquisa - Jean\cric_cervix\images\cric_image_253_303399e0cd747a0646339f4e1f6c91a9.png,12,train
C:\Users\jeanc\OneDrive\Área de Trabalho\Pesquisa\Pesquisa - Jean\cric_cervix\images\cric_image_254_855dda15d3be4156803b1fa32ed2a19b.png,10,train
C:\Users\jeanc\OneDrive\Área de Trabalho\Pesquisa\Pesquisa - Jean\cric_cervix\images\cric_image_255_550a723278b6eb460f4cf76bd5dbaff0.png,42,train
C:\Users\jeanc\OneDrive\Área de Trabalho\Pesquisa\Pesquisa - Jean\cric_cervix\images\cric_image_256_8932ac9bf855b72eef7390e7e486133e.png,17,train
C:\Users\jeanc\OneDrive\Área de Trabalho\Pesquisa\Pesquisa - Jean\cric_cervix\images\cric_image_257_3b536324e212ad03ae37afcf97d0c760.png,24,train
C:\Users\jeanc\OneDrive\Área de Trabalho\Pesquisa\Pesquisa - Jean\cric_cervix\images\cric_image_258_a88f00847363c89e1960ade289b38612.png,13,train
C:\Users\jeanc\OneDrive\Área de Trabalho\Pesquisa\Pesquisa - Jean\cric_cervix\images\cric_image_259_a0e4c7e0f677cfcdb5614940266d221e.png,9,train
C:\Users\jeanc\OneDrive\Área de Trabalho\Pesquisa\Pesquisa - Jean\cric_cervix\images\cric_image_260_9fc84cd39cefe6f1a7b54e92cd971210.png,30,test
C:\Users\jeanc\OneDrive\Área de Trabalho\Pesquisa\Pesquisa - Jean\cric_cervix\images\cric_image_261_6a8631b14ebfd221bad8b5238cf7dd03.png,19,train
C:\Users\jeanc\OneDrive\Área de Trabalho\Pesquisa\Pesquisa - Jean\cric_cervix\images\cric_image_262_425f92ac0896cfea0e4e674cd449ce23.png,17,train
C:\Users\jeanc\OneDrive\Área de Trabalho\Pesquisa\Pesquisa - Jean\cric_cervix\images\cric_image_263_5901e3526774e5847970bb8203c7c711.png,9,train
C:\Users\jeanc\OneDrive\Área de Trabalho\Pesquisa\Pesquisa - Jean\cric_cervix\images\cric_image_264_094367d4b4e508075c004d2e2f08c7ef.png,21,train
C:\Users\jeanc\OneDrive\Área de Trabalho\Pesquisa\Pesquisa - Jean\cric_cervix\images\cric_image_265_02c6113a42960d9617990a3b291cf65d.png,38,train
C:\Users\jeanc\OneDrive\Área de Trabalho\Pesquisa\Pesquisa - Jean\cric_cervix\images\cric_image_266_29bb0d0010f481423a9d4293ad1e67b2.png,27,train
C:\Users\jeanc\OneDrive\Área de Trabalho\Pesquisa\Pesquisa - Jean\cric_cervix\images\cric_image_267_f7b28bd33b541782b308e1a3ef84995a.png,20,train
C:\Users\jeanc\OneDrive\Área de Trabalho\Pesquisa\Pesquisa - Jean\cric_cervix\images\cric_image_268_8725a834d8421b4f506987ce6402613a.png,25,train
C:\Users\jeanc\OneDrive\Área de Trabalho\Pesquisa\Pesquisa - Jean\cric_cervix\images\cric_image_269_651555a374eacf3de392c98dbd85d44d.png,12,test
C:\Users\jeanc\OneDrive\Área de Trabalho\Pesquisa\Pesquisa - Jean\cric_cervix\images\cric_image_270_29f484bfc17af22288d78f7187777fc6.png,10,train
C:\Users\jeanc\OneDrive\Área de Trabalho\Pesquisa\Pesquisa - Jean\cric_cervix\images\cric_image_271_0d2057f820c3b157fd030fe3308f60dc.png,20,train
C:\Users\jeanc\OneDrive\Área de Trabalho\Pesquisa\Pesquisa - Jean\cric_cervix\images\cric_image_272_17192f69185395519f65be5358d32c3f.png,41,train
C:\Users\jeanc\OneDrive\Área de Trabalho\Pesquisa\Pesquisa - Jean\cric_cervix\images\cric_image_273_8c6d9eb30595ab305050c80d21aab128.png,11,train
C:\Users\jeanc\OneDrive\Área de Trabalho\Pesquisa\Pesquisa - Jean\cric_cervix\images\cric_image_274_a3cd8fc514a7a507198e186b5c58f9d2.png,21,train
C:\Users\jeanc\OneDrive\Área de Trabalho\Pesquisa\Pesquisa - Jean\cric_cervix\images\cric_image_275_4929d79aaa3dcea4133f2a17cb7e10e0.png,44,train
C:\Users\jeanc\OneDrive\Área de Trabalho\Pesquisa\Pesquisa - Jean\cric_cervix\images\cric_image_276_5d8297d46d5babc9aaba0652a2a5051f.png,38,train
C:\Users\jeanc\OneDrive\Área de Trabalho\Pesquisa\Pesquisa - Jean\cric_cervix\images\cric_image_277_449a3b9bd9ad2cc080d8960bb3834968.png,62,train
C:\Users\jeanc\OneDrive\Área de Trabalho\Pesquisa\Pesquisa - Jean\cric_cervix\images\cric_image_278_b5236e7b9f5dc7783cce4dbb5fb1a082.png,26,train
C:\Users\jeanc\OneDrive\Área de Trabalho\Pesquisa\Pesquisa - Jean\cric_cervix\images\cric_image_279_5dccd5619d4469ed4516cbbcb4c29944.png,22,train
C:\Users\jeanc\OneDrive\Área de Trabalho\Pesquisa\Pesquisa - Jean\cric_cervix\images\cric_image_280_1e4460705ccdffafa78ceef35bf11ad2.png,16,train
C:\Users\jeanc\OneDrive\Área de Trabalho\Pesquisa\Pesquisa - Jean\cric_cervix\images\cric_image_281_477a31e5481902c6624a3d0407be13bf.png,40,train
C:\Users\jeanc\OneDrive\Área de Trabalho\Pesquisa\Pesquisa - Jean\cric_cervix\images\cric_image_282_04010e1dae8de0da7f038efd3a0a204a.png,11,test
C:\Users\jeanc\OneDrive\Área de Trabalho\Pesquisa\Pesquisa - Jean\cric_cervix\images\cric_image_283_5966509346d31911ac8644a23e128f56.png,9,test
C:\Users\jeanc\OneDrive\Área de Trabalho\Pesquisa\Pesquisa - Jean\cric_cervix\images\cric_image_284_a57e3c97ad51375f4656963d6bd88f8d.png,41,test
C:\Users\jeanc\OneDrive\Área de Trabalho\Pesquisa\Pesquisa - Jean\cric_cervix\images\cric_image_285_14ea41d8e885c165390da7e03f594d9d.png,26,train
C:\Users\jeanc\OneDrive\Área de Trabalho\Pesquisa\Pesquisa - Jean\cric_cervix\images\cric_image_286_519e7eefd219097919196d38beb06136.png,7,train
C:\Users\jeanc\OneDrive\Área de Trabalho\Pesquisa\Pesquisa - Jean\cric_cervix\images\cric_image_287_7ba4a45ed026e5a7c8571c46b53a81bb.png,6,train
C:\Users\jeanc\OneDrive\Área de Trabalho\Pesquisa\Pesquisa - Jean\cric_cervix\images\cric_image_288_00b1e59ebc3e7be500ef7548207d44e2.png,26,train
C:\Users\jeanc\OneDrive\Área de Trabalho\Pesquisa\Pesquisa - Jean\cric_cervix\images\cric_image_289_2cefdbf695da71852337ae3557ccdd38.png,20,val
C:\Users\jeanc\OneDrive\Área de Trabalho\Pesquisa\Pesquisa - Jean\cric_cervix\images\cric_image_290_f24560268564c05b0f400bed26cc74f6.png,6,train
C:\Users\jeanc\OneDrive\Área de Trabalho\Pesquisa\Pesquisa - Jean\cric_cervix\images\cric_image_291_a10c2955a9d8654bec42a0d21c8acb6c.png,10,train
C:\Users\jeanc\OneDrive\Área de Trabalho\Pesquisa\Pesquisa - Jean\cric_cervix\images\cric_image_292_35323790c9bcae22c96ab32a2fc165b9.png,23,train
C:\Users\jeanc\OneDrive\Área de Trabalho\Pesquisa\Pesquisa - Jean\cric_cervix\images\cric_image_293_f195a1576fa4437e8f31f35959554eda.png,39,test
C:\Users\jeanc\OneDrive\Área de Trabalho\Pesquisa\Pesquisa - Jean\cric_cervix\images\cric_image_294_4f8e654e9c41b941ef6ced7a6b833917.png,7,test
C:\Users\jeanc\OneDrive\Área de Trabalho\Pesquisa\Pesquisa - Jean\cric_cervix\images\cric_image_295_18379ef3f64b0efa33ee42877fdd6947.png,9,train
C:\Users\jeanc\OneDrive\Área de Trabalho\Pesquisa\Pesquisa - Jean\cric_cervix\images\cric_image_296_ba64e833160b9da794e7aeb64207ba69.png,21,train
C:\Users\jeanc\OneDrive\Área de Trabalho\Pesquisa\Pesquisa - Jean\cric_cervix\images\cric_image_297_7b04019e566ede8ebbbce0ffd3a7601e.png,11,train
C:\Users\jeanc\OneDrive\Área de Trabalho\Pesquisa\Pesquisa - Jean\cric_cervix\images\cric_image_298_d8e4b84f30c820328c07765d8f1f4c73.png,10,test
C:\Users\jeanc\OneDrive\Área de Trabalho\Pesquisa\Pesquisa - Jean\cric_cervix\images\cric_image_299_1ee9fd65fccbf776a6170b4e4d034335.png,8,train
C:\Users\jeanc\OneDrive\Área de Trabalho\Pesquisa\Pesquisa - Jean\cric_cervix\images\cric_image_300_19c7c2f6bb8dfb3143ab9f9be7dd3e9d.png,6,train
C:\Users\jeanc\OneDrive\Área de Trabalho\Pesquisa\Pesquisa - Jean\cric_cervix\images\cric_image_301_272c49a7303c02c8c000fe0bc3a6dbbe.png,5,train
C:\Users\jeanc\OneDrive\Área de Trabalho\Pesquisa\Pesquisa - Jean\cric_cervix\images\cric_image_302_555c3bddd4513160fb3681c88f4bcc87.png,12,train
C:\Users\jeanc\OneDrive\Área de Trabalho\Pesquisa\Pesquisa - Jean\cric_cervix\images\cric_image_303_7c38ddce962298663b96ec38a7561b56.png,30,train
C:\Users\jeanc\OneDrive\Área de Trabalho\Pesquisa\Pesquisa - Jean\cric_cervix\images\cric_image_304_c5304cb4ceea0d7c9c64e26b6b3e804e.png,22,train
C:\Users\jeanc\OneDrive\Área de Trabalho\Pesquisa\Pesquisa - Jean\cric_cervix\images\cric_image_305_30cef53c58d14524f9d49e24af9887fa.png,18,val
C:\Users\jeanc\OneDrive\Área de Trabalho\Pesquisa\Pesquisa - Jean\cric_cervix\images\cric_image_306_8c21e0dc6b8fbeddfd6f9923b4b1054c.png,16,train
C:\Users\jeanc\OneDrive\Área de Trabalho\Pesquisa\Pesquisa - Jean\cric_cervix\images\cric_image_307_532d83297919d817648393a46f6835db.png,17,test
C:\Users\jeanc\OneDrive\Área de Trabalho\Pesquisa\Pesquisa - Jean\cric_cervix\images\cric_image_308_aee74e3c1bcd82561303ee974d31c08f.png,20,train
C:\Users\jeanc\OneDrive\Área de Trabalho\Pesquisa\Pesquisa - Jean\cric_cervix\images\cric_image_309_d72288404d45ed33074fcfb77d099f2f.png,19,train
C:\Users\jeanc\OneDrive\Área de Trabalho\Pesquisa\Pesquisa - Jean\cric_cervix\images\cric_image_310_f4062608fdab5e483be224b0b807bfbb.png,54,train
C:\Users\jeanc\OneDrive\Área de Trabalho\Pesquisa\Pesquisa - Jean\cric_cervix\images\cric_image_311_5b9327cfecd550d543d371d0c94b2bad.png,31,val
C:\Users\jeanc\OneDrive\Área de Trabalho\Pesquisa\Pesquisa - Jean\cric_cervix\images\cric_image_312_e195831951b7e556d3ca5f497ad4bc9c.png,46,train
C:\Users\jeanc\OneDrive\Área de Trabalho\Pesquisa\Pesquisa - Jean\cric_cervix\images\cric_image_313_c7f09970db9f10dbaf7e567234d1371a.png,7,train
C:\Users\jeanc\OneDrive\Área de Trabalho\Pesquisa\Pesquisa - Jean\cric_cervix\images\cric_image_314_debaf960d9af83738102e03ce40d4cc3.png,14,train
C:\Users\jeanc\OneDrive\Área de Trabalho\Pesquisa\Pesquisa - Jean\cric_cervix\images\cric_image_315_c1d551f467cac1389043740557caae1f.png,20,train
C:\Users\jeanc\OneDrive\Área de Trabalho\Pesquisa\Pesquisa - Jean\cric_cervix\images\cric_image_316_9cb5c0144965b0274edc70210f100940.png,23,test
C:\Users\jeanc\OneDrive\Área de Trabalho\Pesquisa\Pesquisa - Jean\cric_cervix\images\cric_image_317_b4240350cfa007681725731c5eed73ac.png,3,train
C:\Users\jeanc\OneDrive\Área de Trabalho\Pesquisa\Pesquisa - Jean\cric_cervix\images\cric_image_318_a30fcaf343b17a21a7018e1ed1ec907e.png,11,train
C:\Users\jeanc\OneDrive\Área de Trabalho\Pesquisa\Pesquisa - Jean\cric_cervix\images\cric_image_319_31a989e43eb0a9645509eb60e068aefc.png,13,train
C:\Users\jeanc\OneDrive\Área de Trabalho\Pesquisa\Pesquisa - Jean\cric_cervix\images\cric_image_320_5921d98f5baacc86b3a1445540c858ee.png,14,train
C:\Users\jeanc\OneDrive\Área de Trabalho\Pesquisa\Pesquisa - Jean\cric_cervix\images\cric_image_321_abaafc46c2b0cecef1ddb0ba3202ae74.png,26,train
C:\Users\jeanc\OneDrive\Área de Trabalho\Pesquisa\Pesquisa - Jean\cric_cervix\images\cric_image_322_d40792e661b40a04ccf56f5e992c5d0c.png,9,train
C:\Users\jeanc\OneDrive\Área de Trabalho\Pesquisa\Pesquisa - Jean\cric_cervix\images\cric_image_323_502a16718f0316c85196c0e491f37fd3.png,18,test
C:\Users\jeanc\OneDrive\Área de Trabalho\Pesquisa\Pesquisa - Jean\cric_cervix\images\cric_image_324_aa57acbb927273704ae48cf748a79351.png,7,train
C:\Users\jeanc\OneDrive\Área de Trabalho\Pesquisa\Pesquisa - Jean\cric_cervix\images\cric_image_325_ea0a94ccb2d1cee563d9d1f88309967e.png,5,train
C:\Users\jeanc\OneDrive\Área de Trabalho\Pesquisa\Pesquisa - Jean\cric_cervix\images\cric_image_326_f0f7dd54c926f100051df6361d0fbeac.png,6,train
C:\Users\jeanc\OneDrive\Área de Trabalho\Pesquisa\Pesquisa - Jean\cric_cervix\images\cric_image_327_491840cea6a38ba8af9779a0ec319f4e.png,18,train
C:\Users\jeanc\OneDrive\Área de Trabalho\Pesquisa\Pesquisa - Jean\cric_cervix\images\cric_image_328_4372f7114534a5e0b688673c15a43fa9.png,34,train
C:\Users\jeanc\OneDrive\Área de Trabalho\Pesquisa\Pesquisa - Jean\cric_cervix\images\cric_image_329_40387ef8bd22eb5167427ca9a25bc65a.png,8,train
C:\Users\jeanc\OneDrive\Área de Trabalho\Pesquisa\Pesquisa - Jean\cric_cervix\images\cric_image_330_3731e3064f5b3dfaf2df337f4b481c78.png,26,train
C:\Users\jeanc\OneDrive\Área de Trabalho\Pesquisa\Pesquisa - Jean\cric_cervix\images\cric_image_331_9a847d90855db08e9dbd0b040689c3cb.png,33,train
C:\Users\jeanc\OneDrive\Área de Trabalho\Pesquisa\Pesquisa - Jean\cric_cervix\images\cric_image_332_fb5e83755f682922aee859fd52013c36.png,7,train
C:\Users\jeanc\OneDrive\Área de Trabalho\Pesquisa\Pesquisa - Jean\cric_cervix\images\cric_image_333_a26e4ca310cc5150b95c849657f6d0d9.png,6,train
C:\Users\jeanc\OneDrive\Área de Trabalho\Pesquisa\Pesquisa - Jean\cric_cervix\images\cric_image_334_515abacf9c89f439f90e7d34b406f581.png,31,train
C:\Users\jeanc\OneDrive\Área de Trabalho\Pesquisa\Pesquisa - Jean\cric_cervix\images\cric_image_335_239fed60a9c2ffa1abce3e958b69f317.png,16,test
C:\Users\jeanc\OneDrive\Área de Trabalho\Pesquisa\Pesquisa - Jean\cric_cervix\images\cric_image_336_862dd6f5e10f4b0622898c8c5ba7f3a3.png,12,train
C:\Users\jeanc\OneDrive\Área de Trabalho\Pesquisa\Pesquisa - Jean\cric_cervix\images\cric_image_337_16032768fe56bbb933730762d726d263.png,50,val
C:\Users\jeanc\OneDrive\Área de Trabalho\Pesquisa\Pesquisa - Jean\cric_cervix\images\cric_image_338_f7f0f05e4ea3c356b520371057e646b9.png,56,train
C:\Users\jeanc\OneDrive\Área de Trabalho\Pesquisa\Pesquisa - Jean\cric_cervix\images\cric_image_339_9073bf65a95626d36c392876535fbd34.png,136,train
C:\Users\jeanc\OneDrive\Área de Trabalho\Pesquisa\Pesquisa - Jean\cric_cervix\images\cric_image_340_987a233d03cd94cd14e42ac9a2a5ab62.png,69,test
C:\Users\jeanc\OneDrive\Área de Trabalho\Pesquisa\Pesquisa - Jean\cric_cervix\images\cric_image_341_7da6d1898a00a92ef361c07b5a304ac2.png,12,train
C:\Users\jeanc\OneDrive\Área de Trabalho\Pesquisa\Pesquisa - Jean\cric_cervix\images\cric_image_342_12c15166cc92ff5c3ef75f735704365e.png,15,train
C:\Users\jeanc\OneDrive\Área de Trabalho\Pesquisa\Pesquisa - Jean\cric_cervix\images\cric_image_343_b31ae3b8ec79bc3999e4165ca22ad373.png,20,train
C:\Users\jeanc\OneDrive\Área de Trabalho\Pesquisa\Pesquisa - Jean\cric_cervix\images\cric_image_344_dbb1bf3a7bced124e9f9012a950eb06b.png,14,train
C:\Users\jeanc\OneDrive\Área de Trabalho\Pesquisa\Pesquisa - Jean\cric_cervix\images\cric_image_345_2abb345da4a749001db486464032e6ab.png,6,test
C:\Users\jeanc\OneDrive\Área de Trabalho\Pesquisa\Pesquisa - Jean\cric_cervix\images\cric_image_346_aff2bee962c634294622f44a16b4f968.png,17,train
C:\Users\jeanc\OneDrive\Área de Trabalho\Pesquisa\Pesquisa - Jean\cric_cervix\images\cric_image_347_2810965a78043a20fc999bfddec80b90.png,14,train
C:\Users\jeanc\OneDrive\Área de Trabalho\Pesquisa\Pesquisa - Jean\cric_cervix\images\cric_image_348_eb88a78cefd39ef4f57be86f7d6c55b6.png,53,train
C:\Users\jeanc\OneDrive\Área de Trabalho\Pesquisa\Pesquisa - Jean\cric_cervix\images\cric_image_349_0c2a10baed0650fa1f7bb87e5d83a545.png,24,train
C:\Users\jeanc\OneDrive\Área de Trabalho\Pesquisa\Pesquisa - Jean\cric_cervix\images\cric_image_350_94510a321f43fadd424e96343d6cab76.png,52,train
C:\Users\jeanc\OneDrive\Área de Trabalho\Pesquisa\Pesquisa - Jean\cric_cervix\images\cric_image_351_941ca821697b81353df26f6e422cbfdd.png,24,train
C:\Users\jeanc\OneDrive\Área de Trabalho\Pesquisa\Pesquisa - Jean\cric_cervix\images\cric_image_352_060d7d018977ad7cca7643f2deb6f3e8.png,21,test
C:\Users\jeanc\OneDrive\Área de Trabalho\Pesquisa\Pesquisa - Jean\cric_cervix\images\cric_image_353_151e9e19a4a8a347e2eeb00ad52a210f.png,3,train
C:\Users\jeanc\OneDrive\Área de Trabalho\Pesquisa\Pesquisa - Jean\cric_cervix\images\cric_image_354_fdcdaeed25a84e2966eda7ba86bdbcf6.png,19,train
C:\Users\jeanc\OneDrive\Área de Trabalho\Pesquisa\Pesquisa - Jean\cric_cervix\images\cric_image_355_efb31641309ac289f6c7d7259fe95ecb.png,18,train
C:\Users\jeanc\OneDrive\Área de Trabalho\Pesquisa\Pesquisa - Jean\cric_cervix\images\cric_image_356_ceff389b4171940ab84ba46c42fbeb72.png,18,train
C:\Users\jeanc\OneDrive\Área de Trabalho\Pesquisa\Pesquisa - Jean\cric_cervix\images\cric_image_357_8c202a2617293100cafc0ee30c52bd7e.png,14,train
C:\Users\jeanc\OneDrive\Área de Trabalho\Pesquisa\Pesquisa - Jean\cric_cervix\images\cric_image_358_e0c93ad46ad5dac7832427c1eb191c9e.png,16,train
C:\Users\jeanc\OneDrive\Área de Trabalho\Pesquisa\Pesquisa - Jean\cric_cervix\images\cric_image_359_ce95aaf77e8e7bcd44e4d1f731dea349.png,23,train
C:\Users\jeanc\OneDrive\Área de Trabalho\Pesquisa\Pesquisa - Jean\cric_cervix\images\cric_image_360_85a21c60c167f742b313ae379ef31fb2.png,46,train
C:\Users\jeanc\OneDrive\Área de Trabalho\Pesquisa\Pesquisa - Jean\cric_cervix\images\cric_image_361_8fd47c55033c1488a851a6660cc24f3a.png,74,train
C:\Users\jeanc\OneDrive\Área de Trabalho\Pesquisa\Pesquisa - Jean\cric_cervix\images\cric_image_362_e501b86a4eb392736b083deb8c4537f8.png,44,train
C:\Users\jeanc\OneDrive\Área de Trabalho\Pesquisa\Pesquisa - Jean\cric_cervix\images\cric_image_363_c1647f9466f402dee1065a2466c11047.png,17,train
C:\Users\jeanc\OneDrive\Área de Trabalho\Pesquisa\Pesquisa - Jean\cric_cervix\images\cric_image_364_92eb1f2563016d967eb885ee1a5fd2dd.png,22,val
C:\Users\jeanc\OneDrive\Área de Trabalho\Pesquisa\Pesquisa - Jean\cric_cervix\images\cric_image_365_6276a59c41a41f34b59a647c412a9ab6.png,9,train
C:\Users\jeanc\OneDrive\Área de Trabalho\Pesquisa\Pesquisa - Jean\cric_cervix\images\cric_image_366_6a2ed524278daea0ddd2f37a47ca2b69.png,24,train
C:\Users\jeanc\OneDrive\Área de Trabalho\Pesquisa\Pesquisa - Jean\cric_cervix\images\cric_image_367_f1e600e1264144f6c44514f8abf0191a.png,21,train
C:\Users\jeanc\OneDrive\Área de Trabalho\Pesquisa\Pesquisa - Jean\cric_cervix\images\cric_image_368_a110c8eecfe599a9120a3aec324f0da8.png,11,train
C:\Users\jeanc\OneDrive\Área de Trabalho\Pesquisa\Pesquisa - Jean\cric_cervix\images\cric_image_369_519384b776f2f4e5d18fae3e8c66d0ff.png,4,train
C:\Users\jeanc\OneDrive\Área de Trabalho\Pesquisa\Pesquisa - Jean\cric_cervix\images\cric_image_370_b73f6ce80af2295f03792c3c2bdc338b.png,23,train
C:\Users\jeanc\OneDrive\Área de Trabalho\Pesquisa\Pesquisa - Jean\cric_cervix\images\cric_image_371_674fd708f0a5faed1e7057724ef43fb4.png,94,test
C:\Users\jeanc\OneDrive\Área de Trabalho\Pesquisa\Pesquisa - Jean\cric_cervix\images\cric_image_372_67f61d22243d7d51469eee3071e688cb.png,25,train
C:\Users\jeanc\OneDrive\Área de Trabalho\Pesquisa\Pesquisa - Jean\cric_cervix\images\cric_image_373_19b7ae0c1983488b205056be14cb8d3f.png,20,train
C:\Users\jeanc\OneDrive\Área de Trabalho\Pesquisa\Pesquisa - Jean\cric_cervix\images\cric_image_374_39f65c61194a94113080add1c7d5a198.png,17,train
C:\Users\jeanc\OneDrive\Área de Trabalho\Pesquisa\Pesquisa - Jean\cric_cervix\images\cric_image_375_78d680144e599148615a263fb6048f66.png,21,train
C:\Users\jeanc\OneDrive\Área de Trabalho\Pesquisa\Pesquisa - Jean\cric_cervix\images\cric_image_376_da21a895881b3ba7d6108dba4a4ce17a.png,5,train
C:\Users\jeanc\OneDrive\Área de Trabalho\Pesquisa\Pesquisa - Jean\cric_cervix\images\cric_image_377_b849f2f30721992da28419731f8c4d21.png,6,train
C:\Users\jeanc\OneDrive\Área de Trabalho\Pesquisa\Pesquisa - Jean\cric_cervix\images\cric_image_378_b7c9bdb02733f1e3d77ac191115c15f7.png,36,train
C:\Users\jeanc\OneDrive\Área de Trabalho\Pesquisa\Pesquisa - Jean\cric_cervix\images\cric_image_379_326be63a57e19af9bff9a7df786b9987.png,15,train
C:\Users\jeanc\OneDrive\Área de Trabalho\Pesquisa\Pesquisa - Jean\cric_cervix\images\cric_image_380_f9df91b71002aad46ba2415744b0816c.png,4,train
C:\Users\jeanc\OneDrive\Área de Trabalho\Pesquisa\Pesquisa - Jean\cric_cervix\images\cric_image_381_f503e5ca8eb5564129dcf3b1b78d8f6f.png,10,val
C:\Users\jeanc\OneDrive\Área de Trabalho\Pesquisa\Pesquisa - Jean\cric_cervix\images\cric_image_382_6cdee50089fd0f8937732789776cd025.png,21,train
C:\Users\jeanc\OneDrive\Área de Trabalho\Pesquisa\Pesquisa - Jean\cric_cervix\images\cric_image_383_d15e51987c8439946557b0f0829ad5a1.png,18,train
C:\Users\jeanc\OneDrive\Área de Trabalho\Pesquisa\Pesquisa - Jean\cric_cervix\images\cric_image_384_54562f3bda233bc849ce844c2d6d0809.png,102,train
C:\Users\jeanc\OneDrive\Área de Trabalho\Pesquisa\Pesquisa - Jean\cric_cervix\images\cric_image_385_5c64597b1e31000275d0d6d97f935d58.png,19,train
C:\Users\jeanc\OneDrive\Área de Trabalho\Pesquisa\Pesquisa - Jean\cric_cervix\images\cric_image_386_855ef72948b5ef0f051083d1cceca3f9.png,11,train
C:\Users\jeanc\OneDrive\Área de Trabalho\Pesquisa\Pesquisa - Jean\cric_cervix\images\cric_image_387_b5bc96650b0315465891547e78e4490c.png,62,train
C:\Users\jeanc\OneDrive\Área de Trabalho\Pesquisa\Pesquisa - Jean\cric_cervix\images\cric_image_388_6a642a0409ea6f1ffd234d666d6c9319.png,23,val
C:\Users\jeanc\OneDrive\Área de Trabalho\Pesquisa\Pesquisa - Jean\cric_cervix\images\cric_image_389_bef90ce102d8ea3841e78ed81d2d03ea.png,85,train
C:\Users\jeanc\OneDrive\Área de Trabalho\Pesquisa\Pesquisa - Jean\cric_cervix\images\cric_image_390_1208a64963167c6b7d56a072f8b8ee1a.png,47,val
C:\Users\jeanc\OneDrive\Área de Trabalho\Pesquisa\Pesquisa - Jean\cric_cervix\images\cric_image_391_0d07c6d5b42ace6162cff25fc06b21b9.png,35,test
C:\Users\jeanc\OneDrive\Área de Trabalho\Pesquisa\Pesquisa - Jean\cric_cervix\images\cric_image_392_ac20a24b37b7e87dcc375e6b7420d40e.png,16,train
C:\Users\jeanc\OneDrive\Área de Trabalho\Pesquisa\Pesquisa - Jean\cric_cervix\images\cric_image_393_363b6b00d925e5c52694b8f7b678c53b.png,9,val
C:\Users\jeanc\OneDrive\Área de Trabalho\Pesquisa\Pesquisa - Jean\cric_cervix\images\cric_image_394_f1662645f23a20ea9806ca8c6d655fba.png,85,train
C:\Users\jeanc\OneDrive\Área de Trabalho\Pesquisa\Pesquisa - Jean\cric_cervix\images\cric_image_395_1a1319ef78624dc20d4a43cadde1da01.png,113,train
C:\Users\jeanc\OneDrive\Área de Trabalho\Pesquisa\Pesquisa - Jean\cric_cervix\images\cric_image_396_ba9d94a8fdbaba01220db89cde170b24.png,106,train
C:\Users\jeanc\OneDrive\Área de Trabalho\Pesquisa\Pesquisa - Jean\cric_cervix\images\cric_image_397_dbf4ff8985d6e352b46cd8f42add72e8.png,91,train
C:\Users\jeanc\OneDrive\Área de Trabalho\Pesquisa\Pesquisa - Jean\cric_cervix\images\cric_image_398_0cc6e576dac3046d279bba515e10a7a9.png,44,train
C:\Users\jeanc\OneDrive\Área de Trabalho\Pesquisa\Pesquisa - Jean\cric_cervix\images\cric_image_399_dc2df7c3f88649ded343b13b9486cddf.png,40,train
C:\Users\jeanc\OneDrive\Área de Trabalho\Pesquisa\Pesquisa - Jean\cric_cervix\images\cric_image_400_9ae8a4edde40219bad6303cebc672ee4.png,47,train
